SNP_ID,CHR,BP,EA,NEA,BETA
1:75005238:A:G,1,75005238,G,A,0.037052
1:177868990:A:G,1,177868990,A,G,0.0542383
1:242989748:C:G,1,242989748,C,G,0.0293933
10:27653275:C:G,10,27653275,C,G,0.0316762
10:104776527:A:G,10,104776527,A,G,0.0283078
10:125243861:C:T,10,125243861,C,T,0.0335522
11:27679916:C:T,11,27679916,C,T,0.0320229
11:47811496:C:CT,11,47811496,CT,C,0.02773
12:50273061:G:GTGTGTA,12,50273061,G,GTGTGTA,0.0368233
12:112761873:C:T,12,112761873,T,C,0.112178
12:112511913:C:G,12,112511913,G,C,0.0475296
13:54091759:C:T,13,54091759,T,C,0.0326287
14:21812334:A:G,14,21812334,A,G,0.0265425
14:36144025:A:AG,14,36144025,AG,A,0.0571936
14:103354184:A:G,14,103354184,A,G,0.0364195
15:47896440:A:G,15,47896440,G,A,0.0273808
15:82551777:C:T,15,82551777,C,T,0.0258639
16:4024128:C:T,16,4024128,T,C,0.0281207
16:20258270:C:T,16,20258270,T,C,0.0342528
16:53800954:C:T,16,53800954,C,T,0.0884298
17:46646014:C:G,17,46646014,C,G,0.040412
17:66023125:C:CT,17,66023125,CT,C,0.0286074
18:57852587:C:T,18,57852587,C,T,0.0662829
19:3542983:C:T,19,3542983,T,C,0.0314205
19:46175046:A:T,19,46175046,A,T,0.0331407
2:624210:A:G,2,624210,A,G,0.0769481
2:25150011:C:G,2,25150011,G,C,0.0268868
2:61348804:A:G,2,61348804,A,G,0.0260925
20:17184314:A:T,20,17184314,A,T,0.0367642
20:57469055:C:T,20,57469055,T,C,0.0298852
21:40309436:C:G,21,40309436,C,G,0.0276065
22:33950513:A:G,22,33950513,A,G,0.0329411
3:8137447:A:G,3,8137447,A,G,0.0266387
3:141266493:A:G,3,141266493,A,G,0.0321748
4:45175691:C:T,4,45175691,T,C,0.0325507
4:96656768:C:T,4,96656768,C,T,0.0373991
5:53301539:A:G,5,53301539,G,A,0.0366438
5:122878615:G:GT,5,122878615,GT,G,0.0390312
6:16743006:C:T,6,16743006,C,T,0.0363957
6:34218165:A:G,6,34218165,G,A,0.0480265
6:50784880:C:G,6,50784880,G,C,0.0416152
7:69926204:A:AT,7,69926204,A,AT,0.0289657
7:77828340:A:G,7,77828340,A,G,0.0299178
8:76674887:T:TA,8,76674887,TA,T,0.041817
9:97018657:C:T,9,97018657,T,C,0.0258383
9:115153629:C:T,9,115153629,C,T,0.0308412
9:120322384:C:T,9,120322384,T,C,0.0263711
