SNP_ID,CHR,BP,EA,NEA,BETA
1:51200405:C:CA,1,51200405,C,CA,0.0537413
1:177889480:A:G,1,177889480,G,A,0.048543
1:219754012:C:CT,1,219754012,CT,C,0.0283494
10:104348149:C:CA,10,104348149,CA,C,0.0355208
10:120425301:A:G,10,120425301,A,G,0.0318408
10:122903882:C:T,10,122903882,T,C,0.0305905
11:2857233:A:G,11,2857233,A,G,0.030662
11:27679916:C:T,11,27679916,C,T,0.0334991
11:120292477:C:T,11,120292477,T,C,0.0360618
12:50273061:G:GTGTGTA,12,50273061,G,GTGTGTA,0.0382131
12:57146069:G:T,12,57146069,T,G,0.0311416
12:112627350:A:G,12,112627350,G,A,0.0397294
14:36135463:C:CT,14,36135463,C,CT,0.0607364
14:52511969:G:T,14,52511969,T,G,0.0579249
14:93747195:C:CT,14,93747195,C,CT,0.0286365
14:103311855:A:AT,14,103311855,AT,A,0.0296057
15:47900379:A:G,15,47900379,A,G,0.0256277
15:51211110:G:T,15,51211110,T,G,0.0265765
15:62295484:G:T,15,62295484,T,G,0.0349516
16:3559830:G:GT,16,3559830,G,GT,0.0311851
16:4017392:A:T,16,4017392,A,T,0.0309155
16:20256060:C:T,16,20256060,C,T,0.0323036
16:53802494:C:T,16,53802494,T,C,0.0691335
17:46111931:C:T,17,46111931,T,C,0.0335144
18:57852587:C:T,18,57852587,C,T,0.0530494
18:60846430:C:G,18,60846430,C,G,0.0340961
19:46188818:C:G,19,46188818,G,C,0.0282407
2:621954:C:T,2,621954,C,T,0.0651952
2:25213333:C:T,2,25213333,C,T,0.0269245
20:17280901:C:T,20,17280901,C,T,0.0265514
20:57469055:C:T,20,57469055,T,C,0.0292703
22:46482948:C:T,22,46482948,C,T,0.0436611
3:33391925:A:AT,3,33391925,A,AT,0.0282991
3:141266493:A:G,3,141266493,A,G,0.0447108
4:45175691:C:T,4,45175691,T,C,0.0293707
6:20656800:C:G,6,20656800,C,G,0.0278862
6:32651894:A:G,6,32651894,A,G,0.0290879
6:34218165:A:G,6,34218165,G,A,0.0722105
6:50789689:T:TG,6,50789689,TG,T,0.0323914
7:2857876:C:T,7,2857876,T,C,0.0342631
8:28046811:C:G,8,28046811,G,C,0.0289418
8:64618026:A:G,8,64618026,A,G,0.0298875
8:77222113:C:T,8,77222113,T,C,0.0314598
8:116671848:A:G,8,116671848,G,A,0.0297508
9:97107039:C:T,9,97107039,T,C,0.0341807
