SNP_ID,CHR,BP,EA,NEA,BETA
1:151424919:G:T,1,151424919,G,T,0.0305933
1:177894287:C:T,1,177894287,C,T,0.0389694
1:242984493:A:T,1,242984493,A,T,0.0273693
10:27412669:A:T,10,27412669,T,A,0.0304702
10:125249634:A:G,10,125249634,G,A,0.0304567
11:47728576:T:TA,11,47728576,TA,T,0.0299155
12:108629780:A:G,12,108629780,G,A,0.0256561
12:112736118:A:G,12,112736118,A,G,0.044642
14:52511911:C:G,14,52511911,G,C,0.0572218
14:103359492:A:G,14,103359492,A,G,0.0319662
15:82558034:C:G,15,82558034,G,C,0.0324956
16:53800954:C:T,16,53800954,C,T,0.0753292
18:57832856:A:AC,18,57832856,AC,A,0.0556927
19:46175046:A:T,19,46175046,A,T,0.0276358
2:624210:A:G,2,624210,A,G,0.0598011
2:176991779:A:G,2,176991779,G,A,0.0278504
20:34019579:C:T,20,34019579,C,T,0.0288732
22:33962949:A:G,22,33962949,A,G,0.0285936
5:176516631:A:G,5,176516631,A,G,0.0308502
6:43757896:A:C,6,43757896,A,C,0.0268985
6:50784880:C:G,6,50784880,G,C,0.035182
8:72468670:G:T,8,72468670,T,G,0.0323661
